ProductID,ProductName,Category,Price,Stock
1,Veal - Inside,meat,45,419
2,Chocolate Bar - Oh Henry,beverages,49,715
3,Blackberries,grains,83,204
4,Knife Plastic - White,beverages,16,734
5,Wasabi Paste,vegetable,20,815
6,Glove - Cutting,meat,8,556
7,Bread - Sour Sticks With Onion,grains,43,910
8,Kahlua,vegetable,39,414
9,Coconut Milk - Unsweetened,dairy,19,956
10,"Asparagus - White, Canned",grains,35,142
11,Mcguinness - Blue Curacao,dairy,49,674
12,Cheese - Sheep Milk,fruit,59,768
13,Blueberries - Frozen,grains,4,705
14,Daikon Radish,vegetable,55,678
15,"Mushroom - Chanterelle, Dry",vegetable,40,605
16,Juice Peach Nectar,grains,90,234
17,"Nut - Hazelnut, Ground, Natural",fruit,65,176
18,Wine - Taylors Reserve,vegetable,36,310
19,Tea - Grapefruit Green Tea,dairy,29,597
20,Trueblue - Blueberry 12x473ml,fruit,57,568
21,Anchovy Fillets,meat,34,576
22,Chickensplit Half,beverages,36,608
23,Raisin - Dark,fruit,81,919
24,Coconut - Whole,vegetable,12,214
25,"Extract - Vanilla,artificial",vegetable,79,605
26,Cookies - Assorted,grains,87,171
27,Otomegusa Dashi Konbu,beverages,20,988
28,Burger Veggie,dairy,65,212
29,Potatoes - Peeled,grains,28,351
30,"Cherries - Bing, Canned",meat,78,269
31,Chips - Assorted,beverages,35,762
32,Bread Base - Italian,meat,29,205
33,Wiberg Super Cure,meat,6,550
34,Sansho Powder,grains,54,284
35,Squeeze Bottle,fruit,82,538
36,"Soup - Knorr, Ministrone",grains,24,406
37,Lamb Shoulder Boneless Nz,fruit,92,607
38,Cheese - Asiago,beverages,53,865
39,Gloves - Goldtouch Disposable,beverages,96,379
40,Basil - Seedlings Cookstown,vegetable,50,548
41,Onion - Dried,dairy,49,168
42,"Crab - Dungeness, Whole",vegetable,61,768
43,"Cheese - Mozzarella, Buffalo",grains,50,390
44,Vinegar - White Wine,beverages,100,673
45,Tomatoes - Yellow Hot House,beverages,22,351
46,Beef - Top Butt,dairy,97,474
47,Artichokes - Jerusalem,fruit,42,549
48,Dc - Sakura Fu,beverages,56,900
49,Chicken - Whole Roasting,grains,47,114
50,Tea - Orange Pekoe,beverages,2,471
51,Sweet Pea Sprouts,vegetable,24,309
52,Orange - Blood,fruit,70,153
53,Urban Zen Drinks,dairy,57,518
54,Muffin Carrot - Individual,beverages,95,738
55,"Apple - Delicious, Golden",dairy,40,964
56,Lobster - Live,beverages,3,709
57,"Olives - Black, Pitted",fruit,99,915
58,Fib N9 - Prague Powder,grains,24,390
59,Table Cloth 53x69 White,vegetable,94,412
60,Gooseberry,beverages,92,295
61,Kellogs Cereal In A Cup,fruit,38,962
62,"Cheese - Brie, Cups 125g",meat,96,857
63,Pastry - Lemon Danish - Mini,grains,50,770
64,"Wine - White, Cooking",fruit,69,841
65,"Lamb - Whole Head Off,nz",beverages,2,792
66,"Pasta - Cannelloni, Sheets, Fresh",vegetable,31,702
67,Salt And Pepper Mix - White,meat,84,853
68,Thyme - Dried,vegetable,4,920
69,Olive - Spread Tapenade,beverages,93,143
70,Dragon Fruit,grains,72,686
71,Rice - 7 Grain Blend,beverages,2,956
72,Oxtail - Cut,beverages,19,421
73,"Beets - Candy Cane, Organic",dairy,36,991
74,Bread Bowl Plain,meat,95,506
75,Nori Sea Weed,vegetable,53,562
76,Mangoes,vegetable,28,629
77,Butter - Salted,grains,39,306
78,Red Cod Fillets - 225g,meat,22,666
79,Cake - Box Window 10x10x2.5,fruit,52,359
80,Anchovy Paste - 56 G Tube,beverages,62,580
81,Coffee Caramel Biscotti,vegetable,82,307
82,Chicken Giblets,fruit,5,787
83,Coriander - Seed,fruit,94,842
84,Peas - Frozen,vegetable,80,344
85,Muffin Mix - Morning Glory,fruit,52,776
86,Longos - Lasagna Veg,dairy,79,404
87,Garlic Powder,beverages,59,256
88,Sauce - Demi Glace,fruit,100,633
89,Apple - Northern Spy,fruit,85,401
90,Baking Powder,dairy,75,533
91,Trueblue - Blueberry 12x473ml,grains,24,132
92,"Nut - Almond, Blanched, Ground",vegetable,17,384
93,Cheese - Brick With Pepper,beverages,70,527
94,Paper - Brown Paper Mini Cups,beverages,57,368
95,Kiwi,meat,91,536
96,Gelatine Powder,vegetable,94,201
97,Alize Gold Passion,dairy,88,337
98,Coffee - Decafenated,dairy,90,742
99,Table Cloth 54x72 Colour,dairy,87,896
100,Horseradish - Prepared,grains,64,775
101,"Pasta - Lasagna, Dry",fruit,100,169
102,Foil - 4oz Custard Cup,beverages,36,185
103,The Pop Shoppe - Grape,meat,80,761
104,"Cheese - Brie, Triple Creme",vegetable,36,681
105,Gelatine Leaves - Envelopes,meat,6,109
106,Fennel - Seeds,meat,60,439
107,Bread - Corn Muffaletta,meat,34,187
108,"Sparkling Wine - Rose, Freixenet",vegetable,49,290
109,"Veal - Shank, Pieces",meat,35,895
110,"Wine - Red, Gamay Noir",grains,40,396
111,Vinegar - White Wine,meat,11,752
112,"Nut - Almond, Blanched, Whole",vegetable,39,970
113,"Chicken - Leg, Fresh",meat,58,287
114,"Noodles - Cellophane, Thin",fruit,31,706
115,Butter - Salted,fruit,76,301
116,Icecream Bar - Del Monte,dairy,91,437
117,Raspberries - Frozen,meat,89,766
118,"Potatoes - Yukon Gold, 80 Ct",dairy,77,857
119,Wine - Pinot Noir Pond Haddock,fruit,62,810
120,Pasta - Orecchiette,grains,59,506
121,Cabbage - Nappa,beverages,62,875
122,Muffin Mix - Chocolate Chip,beverages,13,655
123,"Rum - Spiced, Captain Morgan",beverages,39,903
124,Tea - Black Currant,vegetable,17,988
125,Whmis - Spray Bottle Trigger,dairy,18,392
126,Cloves - Whole,vegetable,3,172
127,Wine - Lamancha Do Crianza,vegetable,41,168
128,Ice Cream Bar - Hagen Daz,beverages,17,677
129,"Beans - Turtle, Black, Dry",beverages,57,720
130,Cut Wakame - Hanawakaba,fruit,59,997
131,Lettuce - Radicchio,grains,4,580
132,Gherkin,meat,6,478
133,Pasta - Angel Hair,dairy,17,238
134,Energy - Boo - Koo,vegetable,68,887
135,Chutney Sauce,beverages,26,445
136,Cheese - Sheep Milk,meat,91,563
137,True - Vue Containers,vegetable,2,270
138,Fond - Chocolate,dairy,90,645
139,Pastry - Raisin Muffin - Mini,dairy,83,222
140,"Pasta - Rotini, Colour, Dry",grains,21,776
141,Grand Marnier,beverages,3,372
142,Pear - Halves,fruit,85,570
143,"Mop Head - Cotton, 24 Oz",grains,41,479
144,Sambuca - Ramazzotti,vegetable,10,375
145,Yogurt - French Vanilla,vegetable,71,963
146,"Shrimp - 16/20, Peeled Deviened",grains,39,626
147,Fruit Salad Deluxe,fruit,23,434
148,Knife Plastic - White,dairy,52,638
149,Asparagus - Mexican,meat,68,339
150,Glaze - Apricot,dairy,5,862
151,Wood Chips - Regular,fruit,95,469
152,Southern Comfort,vegetable,40,108
153,Carbonated Water - Cherry,beverages,64,130
154,Wine - Prem Select Charddonany,meat,7,376
155,"Wine - Red, Pinot Noir, Chateau",beverages,46,913
156,Cookie - Oreo 100x2,beverages,99,386
157,Pastry - French Mini Assorted,grains,51,968
158,Cheese - Bakers Cream Cheese,fruit,47,726
159,"Coffee - Colombian, Portioned",dairy,36,815
160,"Wine - Red, Cabernet Merlot",dairy,48,188
161,Soupcontfoam16oz 116con,beverages,65,756
162,Wine - Chateau Aqueria Tavel,dairy,13,240
163,"Salmon - Atlantic, Fresh, Whole",meat,1,154
164,Bagel - Everything,grains,17,196
165,Mussels - Frozen,fruit,45,933
166,Tea - Apple Green Tea,dairy,17,289
167,"Artichoke - Hearts, Canned",beverages,90,175
168,Bandage - Finger Cots,fruit,32,494
169,Wine - Chateau Bonnet,meat,71,607
170,Carbonated Water - Wildberry,dairy,75,687
171,"Pork - Bacon, Sliced",fruit,48,175
172,Cake - Dulce De Leche,dairy,3,535
173,Eel Fresh,fruit,67,793
174,Soup - Campbells Mushroom,meat,2,860
175,"Salmon - Smoked, Sliced",vegetable,11,997
176,Jolt Cola - Electric Blue,meat,94,673
177,Canadian Emmenthal,beverages,53,886
178,"Quail - Whole, Bone - In",dairy,26,375
179,"Pork - Ham, Virginia",vegetable,71,765
180,Wine - Cotes Du Rhone,dairy,45,725
181,Phyllo Dough,grains,78,803
182,Fond - Neutral,meat,37,449
183,Tray - 12in Rnd Blk,grains,47,619
184,Tamarind Paste,dairy,6,748
185,Nantucket Apple Juice,grains,23,470
186,Soup Campbells Mexicali Tortilla,grains,99,106
187,"Pasta - Penne, Lisce, Dry",meat,13,127
188,Huck White Towels,meat,13,191
189,"Cheese - Brie,danish",meat,3,928
190,Pan Grease,meat,90,904
191,Egg Patty Fried,meat,28,243
192,Lettuce - California Mix,vegetable,62,547
193,Lettuce - Spring Mix,meat,30,304
194,Aromat Spice / Seasoning,meat,70,328
195,Bread - English Muffin,grains,96,568
196,Mix - Cappucino Cocktail,meat,35,349
197,Wine - Vidal Icewine Magnotta,fruit,50,757
198,"Bread - Rolls, Corn",meat,98,301
199,Longan,grains,74,616
200,Sage Ground Wiberg,fruit,14,809
201,Glass - Juice Clear 5oz 55005,meat,95,679
202,Ice Cream Bar - Drumstick,meat,14,127
203,The Pop Shoppe Pinapple,vegetable,49,437
204,Sauce - Alfredo,grains,74,189
205,Muffins - Assorted,meat,87,618
206,Lamb - Whole Head Off,beverages,68,522
207,"Cookies - Oreo, 4 Pack",beverages,11,863
208,"Salmon - Atlantic, No Skin",dairy,27,644
209,Appetizer - Mango Chevre,dairy,43,514
210,Pasta - Orecchiette,fruit,95,198
211,"Sauce - Gravy, Au Jus, Mix",vegetable,100,974
212,Mushrooms - Honey,grains,27,645
213,Pepper - Cubanelle,grains,67,424
214,Bols Melon Liqueur,fruit,32,438
215,Buffalo - Striploin,fruit,46,288
216,Paper Cocktail Umberlla 80 - 180,beverages,98,743
217,Vinegar - Cider,grains,84,581
218,Oil - Sunflower,beverages,97,157
219,Kumquat,dairy,68,132
220,Nougat - Paste / Cream,meat,49,196
221,Cake - French Pear Tart,beverages,93,617
222,Triple Sec - Mcguinness,vegetable,57,820
223,"Pork - Butt, Boneless",beverages,54,143
224,Pastry - Apple Muffins - Mini,vegetable,99,874
225,"Tendrils - Baby Pea, Organic",dairy,8,306
226,"Jam - Raspberry,jar",dairy,44,746
227,Jolt Cola - Electric Blue,meat,65,464
228,Juice - Lagoon Mango,beverages,27,394
229,Sponge Cake Mix - Chocolate,dairy,93,994
230,"Pepper - White, Whole",grains,90,103
231,Bread - Sour Batard,grains,34,642
232,Compound - Pear,dairy,11,573
233,Dried Peach,vegetable,30,314
234,Tamarillo,vegetable,92,633
235,"Veal - Shank, Pieces",dairy,83,150
236,Jolt Cola - Red Eye,beverages,76,928
237,Beans - Butter Lrg Lima,fruit,70,192
238,Ham - Virginia,meat,51,217
239,Jerusalem Artichoke,meat,98,184
240,Onion Powder,dairy,10,621
241,"Potatoes - Yukon Gold, 80 Ct",beverages,15,435
242,Wine - Jafflin Bourgongone,meat,40,507
243,Tea - Herbal Sweet Dreams,vegetable,100,376
244,Raspberries - Fresh,beverages,87,170
245,Wine - Cava Aria Estate Brut,meat,3,338
246,Appetizer - Southwestern,meat,86,596
247,Plastic Arrow Stir Stick,beverages,11,764
248,Pepper - Scotch Bonnet,dairy,88,401
249,Table Cloth 90x90 White,grains,19,908
250,Beef Wellington,meat,34,759
251,Pie Box - Cello Window 2.5,grains,34,647
252,"Potatoes - Yukon Gold, 80 Ct",grains,1,233
253,Bread - Corn Muffaleta Onion,grains,36,422
254,Bread - Hamburger Buns,vegetable,9,502
255,Cabbage - Red,fruit,22,499
256,Rabbit - Frozen,vegetable,6,870
257,Sausage - Blood Pudding,beverages,88,715
258,Cheese - Cheddarsliced,grains,14,425
259,Kellogs Cereal In A Cup,vegetable,53,731
260,Tray - 16in Rnd Blk,beverages,94,369
261,Pop Shoppe Cream Soda,vegetable,39,525
262,Irish Cream - Butterscotch,grains,23,491
263,Sobe - Cranberry Grapefruit,vegetable,10,246
264,Garbag Bags - Black,dairy,13,859
265,Wine - Sogrape Mateus Rose,meat,67,343
266,Pumpkin,vegetable,91,789
267,Chambord Royal,fruit,33,435
268,"Pasta - Penne, Rigate, Dry",beverages,70,693
269,Lettuce Romaine Chopped,beverages,35,523
270,Magnotta Bel Paese Red,beverages,52,824
271,Ginger - Pickled,vegetable,89,864
272,Steampan - Lid For Half Size,beverages,76,838
273,"Wine - White, Concha Y Toro",dairy,77,884
274,"Tomatoes - Vine Ripe, Red",fruit,19,209
275,Black Currants,beverages,93,250
276,French Pastry - Mini Chocolate,beverages,52,743
277,Ice Cream Bar - Drumstick,dairy,99,280
278,"Jam - Raspberry,jar",fruit,41,741
279,"Wine - Red, Cabernet Merlot",meat,42,949
280,Lid - 0090 Clear,beverages,34,898
281,"Rum - White, Gg White",vegetable,67,430
282,Plums - Red,grains,53,187
283,Salt - Table,grains,69,875
284,Kohlrabi,grains,29,757
285,Parasol Pick Stir Stick,fruit,54,829
286,Tea - Vanilla Chai,grains,16,449
287,Five Alive Citrus,dairy,48,257
288,Eel Fresh,beverages,71,134
289,Dill Weed - Dry,dairy,5,819
290,Sea Urchin,grains,21,377
291,"Jam - Marmalade, Orange",fruit,6,640
292,Potatoes - Yukon Gold 5 Oz,dairy,94,354
293,"Beans - Kidney, Canned",dairy,28,578
294,Blouse / Shirt / Sweater,beverages,63,518
295,Tomato - Plum With Basil,grains,74,875
296,Island Oasis - Peach Daiquiri,dairy,77,959
297,"Beef - Tongue, Cooked",beverages,51,869
298,"Wine - Red, Mouton Cadet",fruit,99,954
299,Dehydrated Kelp Kombo,beverages,55,186
300,Table Cloth 54x54 White,dairy,72,770
301,"Sole - Dover, Whole, Fresh",grains,31,967
302,"Tomatoes - Cherry, Yellow",beverages,76,387
303,"Nut - Walnut, Chopped",dairy,63,178
304,Icecream - Dibs,grains,79,130
305,"Crab - Dungeness, Whole",vegetable,64,198
306,Garbag Bags - Black,beverages,12,713
307,Soup - Campbells Beef Stew,vegetable,7,881
308,"Brocolinni - Gaylan, Chinese",fruit,56,656
309,Pastry - French Mini Assorted,vegetable,43,661
310,"Iced Tea - Lemon, 460 Ml",fruit,16,855
311,Bouillion - Fish,fruit,9,125
312,Wine - Gewurztraminer Pierre,beverages,34,346
313,Tomato Paste,vegetable,24,353
314,Wine - Chenin Blanc K.w.v.,beverages,88,762
315,"Wine - Red, Pinot Noir, Chateau",grains,85,639
316,Bagel - Everything,fruit,41,714
317,"Wine - Red, Harrow Estates, Cab",dairy,67,298
318,Pork Ham Prager,vegetable,88,346
319,Soup - Campbells Tomato Ravioli,dairy,66,630
320,Flower - Commercial Spider,vegetable,5,594
321,Gatorade - Cool Blue Raspberry,grains,18,166
322,Table Cloth 81x81 White,meat,46,749
323,Sprouts - Corn,meat,80,741
324,Sausage - Liver,vegetable,11,261
325,"Vermouth - Sweet, Cinzano",meat,60,311
326,Beans - Yellow,vegetable,1,513
327,Syrup - Monin - Blue Curacao,meat,5,433
328,Muffin Mix - Carrot,dairy,55,241
329,"Beef - Baby, Liver",grains,63,406
330,Appetizer - Southwestern,fruit,8,415
331,Bouillion - Fish,meat,33,928
332,"Salmon - Smoked, Sliced",beverages,16,953
333,Goulash Seasoning,grains,23,680
334,"Wine - White, Lindemans Bin 95",dairy,34,247
335,Longos - Cheese Tortellini,meat,46,805
336,Cheese Cloth No 60,beverages,96,140
337,Gingerale - Diet - Schweppes,meat,67,335
338,Hipnotiq Liquor,meat,55,444
339,Piping Jelly - All Colours,grains,93,131
340,Chocolate - Sugar Free Semi Choc,meat,54,256
341,Scallops - In Shell,meat,90,659
342,Crab - Meat,vegetable,45,184
343,Watercress,meat,79,797
344,Bread Base - Italian,beverages,88,708
345,Potatoes - Mini White 3 Oz,meat,26,945
346,Pecan Raisin - Tarts,meat,29,680
347,Lemon Grass,vegetable,50,704
348,Cheese - Perron Cheddar,dairy,32,380
349,Cucumber - English,vegetable,36,672
350,Shallots,fruit,8,834
351,Pork - Ground,fruit,6,484
352,Guava,fruit,39,640
353,Mousse - Banana Chocolate,grains,85,159
354,Roe - Flying Fish,fruit,7,438
355,"Cheese - Brie, Triple Creme",grains,48,722
356,Madeira,fruit,72,390
357,Cranberries - Frozen,beverages,1,481
358,Cardamon Ground,beverages,44,921
359,Apricots - Halves,dairy,75,971
360,"Wine - White, Riesling, Henry Of",beverages,7,351
361,Mustard - Dijon,meat,99,109
362,"Beans - Black Bean, Preserved",dairy,34,624
363,"Crab - Claws, Snow 16 - 24",dairy,16,104
364,Grenadillo,beverages,49,137
365,Wine - Magnotta - Belpaese,dairy,7,293
366,Longos - Chicken Curried,meat,60,800
367,Flour Dark Rye,dairy,85,815
368,Beans - Soya Bean,meat,34,914
369,Pop Shoppe Cream Soda,dairy,22,422
370,"Wine - White, French Cross",vegetable,97,416
371,Table Cloth 81x81 White,grains,78,599
372,"Beef - Ox Tongue, Pickled",meat,72,830
373,Paper - Brown Paper Mini Cups,meat,15,396
374,Cheese - Wine,meat,12,217
375,Snapple - Mango Maddness,vegetable,68,476
376,Curry Paste - Green Masala,grains,58,157
377,"Stock - Veal, Brown",beverages,19,676
378,Mangoes,fruit,62,256
379,Sauce - Salsa,vegetable,47,659
380,Mustard - Dijon,vegetable,6,139
381,"Chestnuts - Whole,canned",beverages,25,120
382,"Lemonade - Kiwi, 591 Ml",dairy,37,200
383,Sprouts Dikon,beverages,17,621
384,Wine - Cabernet Sauvignon,vegetable,65,244
385,Parsley - Dried,meat,83,903
386,"Soup - Knorr, French Onion",beverages,24,516
387,Buffalo - Striploin,meat,1,575
388,Plastic Wrap,fruit,33,430
389,Wine - Tio Pepe Sherry Fino,vegetable,94,472
390,"Lamb - Leg, Bone In",fruit,58,269
391,Instant Coffee,fruit,79,572
392,"Pork - Chop, Frenched",grains,48,192
393,Whmis Spray Bottle Graduated,beverages,47,676
394,Chinese Foods - Chicken,beverages,90,520
395,Mustard - Pommery,beverages,16,583
396,Pepper - Pablano,dairy,5,630
397,Chicken - Bones,fruit,84,357
398,Wanton Wrap,dairy,67,404
399,"Veal - Round, Eye Of",beverages,95,236
400,Bowl 12 Oz - Showcase 92012,dairy,57,305
401,Tray - 16in Rnd Blk,dairy,90,787
402,Lamb - Whole Head Off,beverages,42,770
403,Mayonnaise,fruit,49,818
404,Cookie - Dough Variety,fruit,4,271
405,Plastic Wrap,vegetable,62,549
406,Fork - Plastic,fruit,16,679
407,"Radish - Black, Winter, Organic",beverages,78,448
408,Soup - Base Broth Beef,grains,13,166
409,Mints - Striped Red,grains,73,756
410,Pears - Anjou,vegetable,24,633
411,Truffle - Whole Black Peeled,meat,90,518
412,Bag Stand,dairy,48,346
413,Muffin Mix - Corn Harvest,meat,1,449
414,"Pork - Chop, Frenched",meat,45,975
415,Calaloo,fruit,95,481
416,"Noodles - Cellophane, Thin",vegetable,18,520
417,"Shrimp - 21/25, Peel And Deviened",grains,49,847
418,Cup Translucent 9 Oz,grains,12,534
419,Cookies - Englishbay Chochip,vegetable,9,668
420,Flounder - Fresh,vegetable,96,774
421,Wine - Vineland Estate Semi - Dry,dairy,5,719
422,"Clams - Littleneck, Whole",meat,100,664
423,Madeira,vegetable,96,636
424,Carbonated Water - Blackberry,fruit,91,428
425,Bread - Mini Hamburger Bun,vegetable,52,990
426,Cheese - Montery Jack,grains,98,929
427,Rice - Basmati,dairy,25,722
428,Strawberries - California,vegetable,63,133
429,Sprouts - Onion,meat,59,912
430,Dried Cherries,dairy,37,619
431,Vinegar - White,vegetable,48,647
432,Scallops - 20/30,beverages,82,246
433,"Tomatoes - Vine Ripe, Red",grains,73,905
434,"Rum - Light, Captain Morgan",vegetable,28,880
435,Crackers - Water,meat,46,669
436,"Zucchini - Mini, Green",beverages,5,930
437,"Cheese - Romano, Grated",beverages,18,106
438,Energy - Boo - Koo,beverages,46,302
439,Mix - Cocktail Strawberry Daiquiri,meat,98,993
440,Cheese - Fontina,fruit,38,110
441,Pasta - Angel Hair,dairy,19,563
442,Monkfish Fresh - Skin Off,grains,6,929
443,Chocolate - Feathers,dairy,38,631
444,Langers - Mango Nectar,fruit,31,834
445,Cherries - Fresh,meat,96,163
446,"Lemonade - Mandarin, 591 Ml",fruit,66,906
447,Waffle Stix,dairy,84,354
448,Oranges,grains,67,647
449,Muffin Mix - Raisin Bran,meat,13,514
450,"Mustard - Dry, Powder",grains,91,526
451,Honey - Lavender,vegetable,34,934
452,"Fish - Base, Bouillion",beverages,59,193
453,"Potatoes - Yukon Gold, 80 Ct",meat,98,871
454,Juice - Ocean Spray Cranberry,beverages,94,851
455,"Pork - Loin, Center Cut",beverages,100,620
456,Wine - Puligny Montrachet A.,fruit,23,379
457,Soup Campbells,dairy,61,274
458,Lighter - Bbq,vegetable,56,280
459,"Radish - Black, Winter, Organic",meat,41,849
460,"Olives - Green, Pitted",vegetable,29,548
461,"Shrimp - Baby, Cold Water",dairy,69,705
462,Trueblue - Blueberry Cranberry,grains,43,435
463,Chips - Miss Vickies,dairy,57,322
464,Carbonated Water - White Grape,beverages,53,198
465,"Red Snapper - Fresh, Whole",grains,1,555
466,"Wine - White, Antinore Orvieto",dairy,29,861
467,Seabream Whole Farmed,dairy,79,893
468,Soap - Pine Sol Floor Cleaner,grains,33,893
469,"Wine - Red, Metus Rose",grains,92,494
470,Absolut Citron,fruit,57,891
471,"Coke - Classic, 355 Ml",meat,26,238
472,"Lid - High Heat, Super Clear",beverages,22,555
473,"Croissant, Raw - Mini",beverages,14,282
474,Oats Large Flake,grains,47,666
475,"Soup - Campbells, Creamy",grains,98,720
476,"Zucchini - Mini, Green",meat,29,922
477,"Juice - Apple, 1.36l",beverages,71,351
478,Pear - Halves,dairy,2,104
479,Tuna - Sushi Grade,grains,33,966
480,Flour - So Mix Cake White,vegetable,12,980
481,Soup - Campbells Chicken,meat,4,444
482,Apple - Royal Gala,dairy,38,199
483,Ice Cream - Fudge Bars,vegetable,21,446
484,Beer - Muskoka Cream Ale,fruit,71,193
485,Tomatoes - Roma,beverages,30,488
486,Beer - Molson Excel,beverages,2,877
487,Wine - Vidal Icewine Magnotta,dairy,96,696
488,Pastry - Mini French Pastries,dairy,39,320
489,Papayas,vegetable,3,177
490,Chives - Fresh,fruit,71,195
491,Nantucket - Pomegranate Pear,meat,59,129
492,Rosemary - Fresh,meat,55,901
493,Gatorade - Cool Blue Raspberry,dairy,22,507
494,"Beans - Black Bean, Preserved",vegetable,84,767
495,Poppy Seed,vegetable,78,161
496,Cheese Cloth No 60,beverages,2,892
497,Soho Lychee Liqueur,meat,87,184
498,Rice - Jasmine Sented,vegetable,6,812
499,Melon - Watermelon Yellow,meat,93,797
500,Sauce - Plum,beverages,46,809
501,Syrup - Pancake,dairy,32,363
502,"Wine - Red, Concha Y Toro",vegetable,97,607
503,"Soup - Beef Conomme, Dry",grains,73,545
504,"Pesto - Primerba, Paste",meat,74,859
505,"Tomatoes - Cherry, Yellow",beverages,63,398
506,"Nut - Pistachio, Shelled",dairy,36,679
507,Parsley - Fresh,grains,53,635
508,Sauce - Demi Glace,dairy,95,148
509,Cookie Choc,meat,65,565
510,Pork - Kidney,dairy,51,974
511,"Bread - White, Unsliced",vegetable,88,584
512,Lobak,dairy,99,166
513,Water - Tonic,meat,70,585
514,Apple - Granny Smith,fruit,63,628
515,Pail For Lid 1537,beverages,43,836
516,Tequila - Sauza Silver,vegetable,69,520
517,Rice - Brown,meat,12,291
518,"Pasta - Shells, Medium, Dry",fruit,39,891
519,Cheese Cloth No 100,vegetable,53,183
520,"Beef - Rib Roast, Capless",vegetable,92,887
521,"Juice - Apple, 500 Ml",meat,11,544
522,Spic And Span All Purpose,vegetable,19,125
523,"Pasta - Lasagne, Fresh",fruit,26,567
524,Eggwhite Frozen,beverages,76,934
525,Pastry - Key Limepoppy Seed Tea,fruit,20,435
526,Bacardi Breezer - Strawberry,meat,52,651
527,Cake - French Pear Tart,grains,35,176
528,"Potatoes - Instant, Mashed",fruit,96,168
529,Coffee - Cafe Moreno,grains,76,260
530,Burger Veggie,meat,30,470
531,Cookie Dough - Chocolate Chip,beverages,35,876
532,Quail - Jumbo,vegetable,10,444
533,Wine - Conde De Valdemar,meat,15,126
534,Chocolate - Dark Callets,dairy,66,160
535,Tea Leaves - Oolong,grains,35,331
536,Sun - Dried Tomatoes,vegetable,88,846
537,Cheese - Gouda,grains,47,789
538,Wine - Touraine Azay - Le - Rideau,beverages,15,963
539,Pasta - Orecchiette,grains,3,558
540,Appetizer - Mushroom Tart,meat,13,415
541,"Ranchero - Primerba, Paste",beverages,44,517
542,Juice - Ocean Spray Kiwi,vegetable,36,912
543,Cucumber - English,grains,8,423
544,"Juice - Cranberry, 341 Ml",dairy,52,254
545,"Liqueur Banana, Ramazzotti",vegetable,59,677
546,Pie Pecan,fruit,13,874
547,Cheese - Cheddarsliced,meat,55,477
548,Cassis,dairy,99,478
549,Foam Dinner Plate,meat,49,653
550,Muffin Carrot - Individual,meat,55,888
551,Beer - Camerons Auburn,vegetable,77,711
552,Puff Pastry - Sheets,beverages,36,879
553,Beer - Blue Light,vegetable,81,200
554,Bread - Pain Au Liat X12,dairy,3,423
555,Beer - Tetleys,beverages,91,199
556,Barley - Pearl,grains,19,953
557,Tea - Black Currant,dairy,46,609
558,Milk - Skim,beverages,79,622
559,Chicken - Wieners,dairy,21,409
560,"Chicken - Diced, Cooked",meat,46,821
561,"Soup - Knorr, Chicken Gumbo",beverages,50,178
562,"Pasta - Fett Alfredo, Single Serve",fruit,73,465
563,Squid - Tubes / Tenticles 10/20,fruit,61,861
564,Gelatine Powder,dairy,32,668
565,Rabbit - Saddles,beverages,66,507
566,Cabbage Roll,beverages,82,992
567,Coffee - Ristretto Coffee Capsule,meat,27,868
568,Compound - Strawberry,dairy,35,933
569,Grenadillo,meat,75,647
570,Flour Pastry Super Fine,fruit,91,608
571,Pork - Shoulder,grains,77,759
572,Grouper - Fresh,grains,26,321
573,Sauce - Thousand Island,vegetable,2,218
574,Plastic Arrow Stir Stick,dairy,78,536
575,Apple - Northern Spy,beverages,75,800
576,Jam - Apricot,meat,99,184
577,Syrup - Monin - Passion Fruit,beverages,77,102
578,"Tuna - Canned, Flaked, Light",grains,31,293
579,Scallops - In Shell,meat,71,988
580,Quail - Jumbo,meat,64,295
581,Gherkin - Sour,dairy,29,971
582,Bread - Hot Dog Buns,dairy,5,202
583,Soup - Base Broth Beef,vegetable,95,311
584,Salmon - Fillets,meat,98,816
585,Wine - Manischewitz Concord,dairy,38,410
586,Beans - Yellow,beverages,60,174
587,"Vodka - Lemon, Absolut",grains,46,928
588,"Chicken - Leg, Boneless",fruit,52,196
589,Pepper - Chilli Seeds Mild,grains,36,289
590,"Pepper - Red, Finger Hot",grains,93,995
591,Soup - Base Broth Chix,vegetable,57,405
592,Corn Syrup,grains,94,388
593,Beer - Original Organic Lager,fruit,55,457
594,Bread Base - Goodhearth,beverages,2,634
595,"Bag - Bread, White, Plain",vegetable,42,994
596,Chicken Giblets,beverages,4,774
597,Chicken - Bones,beverages,72,142
598,Hot Chocolate - Individual,beverages,71,195
599,"Rice Pilaf, Dry,package",beverages,51,379
600,"Brownies - Two Bite, Chocolate",fruit,84,730
601,"Wine - White, Concha Y Toro",fruit,99,502
602,Vaccum Bag 10x13,meat,10,278
603,Spinach - Spinach Leaf,dairy,89,530
604,Numi - Assorted Teas,grains,73,305
605,Cream - 10%,vegetable,50,367
606,Cake Slab,dairy,50,952
607,Appetizer - Lobster Phyllo Roll,grains,96,614
608,Cranberries - Frozen,grains,54,628
609,Mangostein,vegetable,98,288
610,"Juice - Orange, 341 Ml",dairy,58,462
611,"Coke - Classic, 355 Ml",fruit,87,948
612,Chives - Fresh,meat,40,947
613,Mushroom - Portebello,grains,3,142
614,"Ranchero - Primerba, Paste",vegetable,36,446
615,Wine - Champagne Brut Veuve,fruit,49,350
616,Pork Ham Prager,beverages,42,839
617,Pepper - Green Thai,vegetable,30,416
618,Tea - Lemon Scented,beverages,72,432
619,Versatainer Nc - 8288,grains,92,996
620,Bar Special K,dairy,70,543
621,Fudge - Cream Fudge,grains,39,798
622,"Soup - Campbells, Spinach Crm",fruit,79,520
623,Pail For Lid 1537,meat,48,297
624,Lettuce - Radicchio,fruit,75,697
625,"Napkin - Dinner, White",fruit,52,637
626,Cheese - Provolone,vegetable,89,685
627,Cranberries - Dry,fruit,78,868
628,"Pasta - Elbows, Macaroni, Dry",meat,83,163
629,Lamb Rack - Ontario,beverages,57,323
630,Apple - Granny Smith,grains,66,914
631,Chocolate - Feathers,vegetable,67,284
632,Nut - Macadamia,fruit,92,870
633,"Pesto - Primerba, Paste",fruit,10,120
634,Sugar - Crumb,vegetable,90,890
635,Broom - Angled,vegetable,64,780
636,Bar Mix - Lemon,fruit,75,963
637,Bouillion - Fish,grains,64,148
638,Sauce Tomato Pouch,fruit,1,583
639,Wheat - Soft Kernal Of Wheat,dairy,40,530
640,White Baguette,vegetable,86,598
641,Croissants Thaw And Serve,vegetable,1,258
642,Scallops 60/80 Iqf,grains,19,679
643,Wine - Ej Gallo Sonoma,meat,90,983
644,Rabbit - Saddles,beverages,91,980
645,Lettuce - Treviso,meat,68,776
646,Chips Potato All Dressed - 43g,dairy,42,172
647,Olive - Spread Tapenade,fruit,60,547
648,Cake Sheet Combo Party Pack,vegetable,20,706
649,"Garlic - Primerba, Paste",fruit,95,107
650,Pork Salted Bellies,beverages,68,312
651,Salmon - Sockeye Raw,grains,83,765
652,Chocolate - Dark Callets,meat,98,669
653,"Soup - Campbells, Minestrone",dairy,39,814
654,Cheese - Victor Et Berthold,meat,45,567
655,Sauce - Vodka Blush,fruit,84,707
656,Wine - Alsace Gewurztraminer,grains,64,881
657,Cheese - Gorgonzola,beverages,8,602
658,Piping Jelly - All Colours,grains,5,464
659,Longos - Chicken Curried,vegetable,2,117
660,"Beans - Black Bean, Canned",grains,88,219
661,Dr. Pepper - 355ml,fruit,42,806
662,Breadfruit,fruit,25,932
663,Cheese - Swiss,vegetable,94,836
664,Slt - Individual Portions,fruit,91,202
665,Piping - Bags Quizna,vegetable,64,495
666,Oil - Grapeseed Oil,meat,24,211
667,Alize Sunset,beverages,97,362
668,Garlic,dairy,93,684
669,Anchovy Fillets,beverages,91,176
670,Pineapple - Golden,fruit,33,616
671,Soy Protein,beverages,28,499
672,"Veal - Round, Eye Of",beverages,7,863
673,Pea - Snow,beverages,96,969
674,Wine - Jafflin Bourgongone,grains,98,863
675,Puff Pastry - Sheets,vegetable,85,825
676,Bread - Pumpernickel,meat,70,980
677,Venison - Ground,beverages,92,943
678,Port - 74 Brights,vegetable,81,721
679,"Nut - Pecan, Pieces",meat,45,838
680,"Cheese - Havarti, Salsa",meat,30,864
681,V8 Splash Strawberry Kiwi,grains,95,601
682,Straw - Regular,dairy,33,564
683,Chips - Miss Vickies,fruit,25,548
684,"Soup - Campbells, Beef Barley",grains,19,143
685,Rice Paper,beverages,64,951
686,Cake - Lemon Chiffon,dairy,85,612
687,"Doilies - 5, Paper",grains,5,556
688,Tomatoes - Roma,meat,90,397
689,Cake Slab,meat,9,594
690,Banana - Green,vegetable,16,653
691,Milk 2% 500 Ml,vegetable,6,793
692,Wine - Barossa Valley Estate,beverages,51,510
693,"Zucchini - Mini, Green",dairy,20,271
694,Flour Pastry Super Fine,grains,15,236
695,Muffin Mix - Oatmeal,beverages,85,565
696,Scallops - U - 10,beverages,4,268
697,Ice Cream - Chocolate,meat,15,200
698,Sauce - Salsa,beverages,86,646
699,Ocean Spray - Ruby Red,beverages,26,592
700,Blouse / Shirt / Sweater,meat,19,495
701,"Cheese - Cheddar, Mild",vegetable,92,763
702,Pastry - Trippleberry Muffin - Mini,meat,38,223
703,"Pasta - Fusili, Dry",vegetable,17,410
704,Sausage - Blood Pudding,grains,43,969
705,Cilantro / Coriander - Fresh,fruit,52,149
706,Spice - Peppercorn Melange,beverages,86,182
707,Coffee - Almond Amaretto,meat,55,969
708,"Wine - Red, Black Opal Shiraz",dairy,28,211
709,Mousse - Passion Fruit,fruit,83,124
710,Lid Coffee Cup 8oz Blk,fruit,60,257
711,Soup - Campbells Broccoli,meat,10,425
712,Chocolate - Mi - Amere Semi,dairy,98,105
713,Beer - Tetleys,vegetable,30,188
714,Energy - Boo - Koo,dairy,53,373
715,Foam Tray S2,dairy,60,430
716,"Beans - Fava, Canned",vegetable,64,478
717,Lime Cordial - Roses,beverages,60,822
718,Jerusalem Artichoke,beverages,87,421
719,Pork - Side Ribs,fruit,41,630
720,Sprouts - Bean,fruit,100,894
721,Table Cloth 91x91 Colour,dairy,35,490
722,Sea Urchin,beverages,78,565
723,Napkin White - Starched,grains,36,330
724,Crackers - Melba Toast,beverages,54,233
725,Wine - Chianti Classico Riserva,fruit,75,668
726,Squash - Guords,grains,13,194
727,"Iced Tea - Lemon, 340ml",dairy,55,426
728,Pie Filling - Apple,dairy,87,459
729,Pate - Liver,beverages,25,371
730,Apple - Macintosh,vegetable,11,711
731,"Nut - Pecan, Pieces",grains,87,364
732,Huck White Towels,vegetable,38,795
733,Sauce - Roasted Red Pepper,dairy,45,772
734,Wine - Sawmill Creek Autumn,grains,18,867
735,Ecolab - Balanced Fusion,beverages,93,885
736,V8 - Berry Blend,vegetable,35,540
737,Wild Boar - Tenderloin,vegetable,6,676
738,Gelatine Powder,grains,64,941
739,"Split Peas - Yellow, Dry",grains,91,975
740,"Wine - White, Cooking",meat,57,397
741,"Rum - Coconut, Malibu",beverages,1,577
742,Bacardi Limon,grains,88,548
743,Whmis - Spray Bottle Trigger,vegetable,83,229
744,"Beef - Rouladin, Sliced",vegetable,20,227
745,Cream - 35%,vegetable,47,387
746,Wine - Zinfandel Rosenblum,vegetable,66,204
747,Parsley - Fresh,vegetable,83,644
748,"Beef - Tenderlion, Center Cut",dairy,15,449
749,Milkettes - 2%,grains,69,199
750,Mikes Hard Lemonade,grains,29,342
751,Cocoa Powder - Dutched,grains,66,887
752,"Shrimp - Baby, Cold Water",beverages,60,464
753,Paper Towel Touchless,dairy,63,604
754,Scallops 60/80 Iqf,beverages,34,835
755,Island Oasis - Strawberry,grains,29,654
756,Pasta - Canelloni,grains,91,487
757,"Turkey - Breast, Boneless Sk On",fruit,23,782
758,Mustard - Seed,vegetable,42,949
759,"Pasta - Bauletti, Chicken White",vegetable,17,366
760,Beer - True North Lager,meat,21,473
761,Muffin Batt - Carrot Spice,fruit,66,578
762,"Sauce - Bernaise, Mix",vegetable,100,123
763,"Water - Mineral, Carbonated",meat,30,741
764,Beets - Mini Golden,meat,64,659
765,"Lamb - Pieces, Diced",fruit,63,690
766,"Wine - White, Ej Gallo",vegetable,46,821
767,"Vodka - Lemon, Absolut",vegetable,79,801
768,Buffalo - Striploin,dairy,46,817
769,"Salmon - Atlantic, Fresh, Whole",beverages,28,462
770,Bagel - Whole White Sesame,fruit,6,759
771,Coffee Guatemala Dark,beverages,96,946
772,Turnip - White,fruit,48,124
773,"Beans - Kidney, Canned",grains,94,663
774,Appetizer - Tarragon Chicken,grains,44,196
775,Sausage - Chorizo,grains,82,410
776,Bouillion - Fish,beverages,5,138
777,External Supplier,beverages,37,777
778,Carbonated Water - Peach,grains,10,263
779,Scallops 60/80 Iqf,grains,9,419
780,Limes,grains,75,457
781,Burger Veggie,fruit,68,484
782,Bandage - Fexible 1x3,dairy,86,537
783,Butcher Twine 4r,vegetable,67,431
784,Sugar - Cubes,meat,89,314
785,Smirnoff Green Apple Twist,fruit,62,429
786,Cinnamon Buns Sticky,beverages,17,401
787,Steampan - Half Size Shallow,dairy,6,884
788,"Bread - Roll, Whole Wheat",dairy,21,901
789,"Pepsi, 355 Ml",fruit,30,462
790,Gelatine Powder,vegetable,45,918
791,Russian Prince,grains,39,842
792,Lemon Tarts,vegetable,58,754
793,Chevere Logs,fruit,32,592
794,Langers - Ruby Red Grapfruit,meat,94,666
795,"Pasta - Shells, Medium, Dry",meat,11,175
796,Soup - Campbells Asian Noodle,vegetable,78,113
797,Salami - Genova,dairy,46,245
798,Hersey Shakes,dairy,83,658
799,Yucca,grains,1,582
800,Godiva White Chocolate,grains,89,261
801,Lentils - Green Le Puy,beverages,76,344
802,"Wine - Red, Black Opal Shiraz",fruit,97,299
803,"Tomatoes - Plum, Canned",vegetable,99,981
804,Table Cloth 72x144 White,vegetable,54,310
805,Mustard - Dijon,grains,59,893
806,Muffin Mix - Lemon Cranberry,fruit,42,918
807,Cheese - Pont Couvert,dairy,96,326
808,"Bread - Roll, Italian",vegetable,18,128
809,Flower - Carnations,grains,41,824
810,Wine - Tribal Sauvignon,vegetable,6,143
811,Wine - Sauvignon Blanc Oyster,meat,63,505
812,"7up Diet, 355 Ml",dairy,33,226
813,Beans - Green,grains,4,140
814,Clam Nectar,vegetable,12,201
815,Yams,grains,80,518
816,Sprouts - Bean,grains,31,676
817,Plastic Arrow Stir Stick,grains,70,725
818,Beans - Wax,meat,14,906
819,"Nut - Pecan, Pieces",meat,52,371
820,"Napkin - Cocktail,beige 2 - Ply",fruit,80,660
821,Lotus Root,grains,30,448
822,"Beef - Ox Tongue, Pickled",dairy,12,658
823,"Cookies - Oreo, 4 Pack",vegetable,32,650
824,Wine - Domaine Boyar Royal,dairy,22,493
825,Syrup - Pancake,beverages,93,810
826,Sauce - Rosee,grains,85,685
827,Chocolate Bar - Smarties,dairy,56,844
828,Oil - Margarine,beverages,58,792
829,Coconut - Whole,beverages,13,849
830,Sprouts - Peppercress,vegetable,60,713
831,Bagelers - Cinn / Brown Sugar,grains,34,406
832,"Beans - Turtle, Black, Dry",vegetable,8,212
833,Zucchini - Yellow,vegetable,2,318
834,Ocean Spray - Kiwi Strawberry,beverages,8,807
835,Chocolate - Milk Coating,dairy,42,667
836,Nutmeg - Ground,grains,94,210
837,Kiwi,meat,60,294
838,Chambord Royal,beverages,94,306
839,Lettuce - Sea / Sea Asparagus,dairy,81,243
840,"Pepper - Chipotle, Canned",fruit,66,682
841,Tea - Herbal Orange Spice,vegetable,8,190
842,Veal - Heart,beverages,94,576
843,"Artichoke - Bottom, Canned",fruit,25,301
844,Corn Kernels - Frozen,beverages,54,413
845,Sauce - Fish 25 Ozf Bottle,vegetable,19,864
846,Numi - Assorted Teas,meat,21,309
847,Cocoa Feuilletine,fruit,38,393
848,Extract - Rum,meat,37,870
849,Grapes - Green,meat,8,742
850,Table Cloth 62x120 Colour,meat,68,461
851,Aromat Spice / Seasoning,meat,89,455
852,Wine - Ruffino Chianti,grains,80,175
853,Bagels Poppyseed,grains,18,746
854,Butcher Twine 4r,meat,42,505
855,Island Oasis - Sweet And Sour Mix,fruit,56,340
856,Cucumber - English,grains,47,474
857,"Lamb - Loin, Trimmed, Boneless",vegetable,99,497
858,Mix - Cocktail Ice Cream,beverages,16,844
859,"Pasta - Fettuccine, Dry",vegetable,57,108
860,"Wine - White, Lindemans Bin 95",vegetable,39,451
861,Radish,vegetable,6,622
862,Pepper - Green,fruit,29,847
863,Chickhen - Chicken Phyllo,grains,19,555
864,"Orange - Canned, Mandarin",vegetable,78,301
865,Sobe - Liz Blizz,meat,69,638
866,"Salmon - Atlantic, No Skin",vegetable,32,826
867,Mortadella,meat,73,548
868,"Pasta - Orzo, Dry",meat,71,303
869,Vaccum Bag 10x13,vegetable,38,679
870,"Halibut - Whole, Fresh",dairy,13,283
871,Absolut Citron,meat,67,508
872,"Tomatoes - Vine Ripe, Yellow",vegetable,57,394
873,Energy Drink - Franks Pineapple,beverages,38,233
874,"Crush - Grape, 355 Ml",beverages,60,290
875,Spic And Span All Purpose,fruit,28,995
876,Pork - Sausage Casing,fruit,2,319
877,"Yogurt - Strawberry, 175 Gr",dairy,70,688
878,"Lid - Translucent, 3.5 And 6 Oz",fruit,37,515
879,Remy Red Berry Infusion,dairy,62,776
880,English Muffin,fruit,67,656
881,Sour Cream,meat,46,257
882,Pickle - Dill,dairy,6,977
883,Cake - Cake Sheet Macaroon,vegetable,57,684
884,Grenadillo,beverages,100,185
885,Cranberries - Frozen,meat,81,519
886,Pastry - Apple Large,vegetable,12,326
887,Savory,meat,86,929
888,Chocolate Bar - Coffee Crisp,beverages,22,130
889,Plasticknivesblack,grains,34,662
890,"Lemonade - Black Cherry, 591 Ml",vegetable,59,832
891,Wine - Bouchard La Vignee Pinot,dairy,98,947
892,Food Colouring - Blue,vegetable,46,725
893,"Turkey - Whole, Fresh",beverages,24,980
894,Flower - Carnations,fruit,90,481
895,Sauce - Ranch Dressing,dairy,44,513
896,Syrup - Monin - Passion Fruit,grains,43,365
897,Chick Peas - Dried,dairy,82,615
898,Sprouts - Pea,fruit,81,658
899,Seabream Whole Farmed,vegetable,82,686
900,"Bar Mix - Pina Colada, 355 Ml",fruit,7,549
901,"Soup - Knorr, Classic Can. Chili",dairy,43,514
902,Table Cloth 81x81 Colour,vegetable,9,617
903,Skirt - 29 Foot,dairy,64,558
904,Dasheen,vegetable,67,674
905,Muffin Mix - Blueberry,beverages,24,651
906,Red Currants,beverages,63,183
907,Lotus Root,dairy,44,588
908,Tuna - Sushi Grade,meat,96,977
909,Truffle Cups - White Paper,grains,56,982
910,Beef - Eye Of Round,grains,10,868
911,Bread Base - Toscano,dairy,91,301
912,Sugar - Monocystal / Rock,vegetable,4,621
913,Bacardi Breezer - Tropical,dairy,8,441
914,Wanton Wrap,grains,77,982
915,"Coconut - Creamed, Pure",vegetable,99,909
916,Scallops - In Shell,dairy,37,474
917,Bay Leaf Ground,dairy,27,276
918,Cheese - Swiss Sliced,grains,91,608
919,Liquid Aminios Acid - Braggs,dairy,47,109
920,Ham - Cooked Bayonne Tinned,fruit,1,866
921,Sterno - Chafing Dish Fuel,fruit,18,283
922,Tomato Paste,beverages,26,910
923,Pasta - Fusili Tri - Coloured,fruit,50,194
924,"Doilies - 7, Paper",meat,48,955
925,Plaintain,fruit,29,439
926,Clam Nectar,meat,39,991
927,"Cherries - Maraschino,jar",dairy,1,785
928,Ice Cream - Strawberry,grains,55,253
929,Yokaline,fruit,61,425
930,Oil - Pumpkinseed,vegetable,35,967
931,Wine - Sauvignon Blanc,meat,33,909
932,Juice - Orange 1.89l,dairy,98,306
933,Honey - Comb,vegetable,16,788
934,"Artichokes - Knobless, White",meat,27,548
935,Bread - White Epi Baguette,beverages,35,110
936,Capers - Pickled,dairy,8,551
937,Peppercorns - Pink,meat,89,719
938,"Lemonade - Strawberry, 591 Ml",meat,29,849
939,Cake - Box Window 10x10x2.5,beverages,63,279
940,Island Oasis - Banana Daiquiri,beverages,57,692
941,"Doilies - 7, Paper",grains,24,848
942,Wine - Chateauneuf Du Pape,fruit,52,360
943,Extract - Rum,beverages,9,280
944,Langers - Cranberry Cocktail,dairy,86,177
945,"Wine - White, Concha Y Toro",beverages,9,960
946,"Pork - Sausage, Medium",meat,35,686
947,Muffin - Carrot Individual Wrap,beverages,11,742
948,Galliano,vegetable,15,982
949,"Wine - Red, Concha Y Toro",meat,86,265
950,"Wine - Red, Lurton Merlot De",dairy,71,981
951,Chips - Potato Jalapeno,vegetable,60,422
952,"Radish - Black, Winter, Organic",dairy,89,854
953,Chocolate - Milk Coating,fruit,50,640
954,Roe - White Fish,dairy,62,515
955,"Vodka - Hot, Lnferno",dairy,54,980
956,Versatainer Nc - 8288,fruit,65,190
957,"Beans - Black Bean, Canned",beverages,86,352
958,Appetizer - Asian Shrimp Roll,dairy,78,853
959,Squid - Breaded,grains,37,187
960,Chicken Thigh - Bone Out,grains,58,446
961,Beef Cheek Fresh,meat,33,515
962,Ecolab - Power Fusion,beverages,22,328
963,Wine - Redchard Merritt,dairy,75,529
964,Tray - 12in Rnd Blk,meat,53,881
965,Sprouts - Baby Pea Tendrils,beverages,34,502
966,Pork - Back Ribs,fruit,40,617
967,"Juice - Cranberry, 341 Ml",grains,70,751
968,Transfer Sheets,meat,47,516
969,Shrimp - Black Tiger 16/20,fruit,43,886
970,Lettuce - Belgian Endive,beverages,58,383
971,Garam Masala Powder,grains,62,355
972,Potatoes - Mini Red,beverages,58,734
973,"Nut - Pine Nuts, Whole",fruit,65,998
974,"Cheese - Cheddar, Mild",grains,58,207
975,Cod - Fillets,vegetable,2,443
976,Extract - Raspberry,vegetable,59,614
977,"Napkin - Cocktail,beige 2 - Ply",grains,66,624
978,"Wine - White, Chardonnay",beverages,89,583
979,Cut Wakame - Hanawakaba,meat,8,153
980,"Lamb - Leg, Diced",vegetable,12,697
981,Grenadillo,meat,25,104
982,"Pork - Back, Long Cut, Boneless",grains,85,527
983,Extract - Lemon,meat,43,571
984,"Club Soda - Schweppes, 355 Ml",meat,24,733
985,"Mushroom - Shitake, Dry",beverages,12,562
986,Chips Potato All Dressed - 43g,beverages,8,942
987,Chicken - Livers,dairy,52,893
988,Tamarind Paste,beverages,22,845
989,"Beef - Tenderlion, Center Cut",grains,58,318
990,Mushroom - Crimini,dairy,31,594
991,Cheese Cloth No 100,meat,44,735
992,Cookies Oatmeal Raisin,beverages,1,511
993,"Veal - Round, Eye Of",beverages,54,585
994,Cup - Translucent 7 Oz Clear,meat,47,752
995,"Bread - Crumbs, Bulk",vegetable,18,595
996,"Pepsi - Diet, 355 Ml",beverages,4,365
997,Fudge - Chocolate Fudge,meat,13,624
998,Cheese - Brick With Onion,fruit,99,151
999,Bread Crumbs - Panko,beverages,100,696
1000,Lotus Rootlets - Canned,dairy,24,918
